full_name,first_name,last_name
Huey Muschette,Huey,Muschette
Corny Seal,Corny,Seal
Agathe Fergie,Agathe,Fergie
Frasco Kaines,Frasco,Kaines
Aigneis Vanetti,Aigneis,Vanetti
Blondelle Casement,Blondelle,Casement
Gibb Weeks,Gibb,Weeks
Raine Starmore,Raine,Starmore
Ermengarde Paszak,Ermengarde,Paszak
Doug Menco,Doug,Menco
Marcy Foxall,Marcy,Foxall
Roddie Gahan,Roddie,Gahan
Griffy Jenne,Griffy,Jenne
Kerrin Melladew,Kerrin,Melladew
Alphonso Louisot,Alphonso,Louisot
Georgeanna McCooke,Georgeanna,McCooke
Jacquenetta Blackburne,Jacquenetta,Blackburne
Emmalynne Paolinelli,Emmalynne,Paolinelli
Sloan Pender,Sloan,Pender
Ladonna Hanes,Ladonna,Hanes
Ibrahim Charlton,Ibrahim,Charlton
Fleur Mahaddy,Fleur,Mahaddy
Gray Gealle,Gray,Gealle
Cori Edgeller,Cori,Edgeller
Lester Whetson,Lester,Whetson
Allys Carress,Allys,Carress
Colleen Pietersma,Colleen,Pietersma
Reiko Haggarth,Reiko,Haggarth
Brion Saing,Brion,Saing
Edgard Boodell,Edgard,Boodell
Mikey Mashro,Mikey,Mashro
Idell Ortell,Idell,Ortell
Carin MacQuarrie,Carin,MacQuarrie
Shaylynn Ibanez,Shaylynn,Ibanez
Christi Isenor,Christi,Isenor
Ricardo Dowthwaite,Ricardo,Dowthwaite
Korrie Coull,Korrie,Coull
Delphinia Brunet,Delphinia,Brunet
Tildie Cummungs,Tildie,Cummungs
Ches Durkin,Ches,Durkin
Radcliffe Paddick,Radcliffe,Paddick
Jonas Cyples,Jonas,Cyples
Jammie Turtle,Jammie,Turtle
Myrtice Tune,Myrtice,Tune
Julie Peepall,Julie,Peepall
Ezri Spencook,Ezri,Spencook
Carlita Fanton,Carlita,Fanton
Kendell Hadingham,Kendell,Hadingham
Latisha Larder,Latisha,Larder
Ceciley Daine,Ceciley,Daine
Isiahi MacGaffey,Isiahi,MacGaffey
Belita Doley,Belita,Doley
Reynold Santino,Reynold,Santino
Tomkin Coggan,Tomkin,Coggan
Gussy Poyle,Gussy,Poyle
Stearne Rammell,Stearne,Rammell
Sadella Ferrarello,Sadella,Ferrarello
Torrey Kyles,Torrey,Kyles
Alden Larkins,Alden,Larkins
Reuven Goldthorpe,Reuven,Goldthorpe
Win Willavoys,Win,Willavoys
Jermain Tonnesen,Jermain,Tonnesen
Quinn Brokenbrow,Quinn,Brokenbrow
Gusti Children,Gusti,Children
Lucho Lumsdon,Lucho,Lumsdon
Wandis Trevaskis,Wandis,Trevaskis
Vania Slemmonds,Vania,Slemmonds
Eleonore Larrington,Eleonore,Larrington
Cammy Monshall,Cammy,Monshall
Ebenezer Aingel,Ebenezer,Aingel
Nelli Plewes,Nelli,Plewes
Rosalind Hearons,Rosalind,Hearons
Kennett Ekkel,Kennett,Ekkel
Barny Ledur,Barny,Ledur
Zeb Cranston,Zeb,Cranston
Bernadine Dobeson,Bernadine,Dobeson
Padriac Kayne,Padriac,Kayne
Weston Sparsholt,Weston,Sparsholt
Bonnie Stott,Bonnie,Stott
Tracy Gonsalo,Tracy,Gonsalo
Krishnah Pigford,Krishnah,Pigford
Mel Kubica,Mel,Kubica
Darius Few,Darius,Few
Deny Knocker,Deny,Knocker
Max Heliar,Max,Heliar
Clovis Brearty,Clovis,Brearty
Puff Lammerding,Puff,Lammerding
Kailey Merveille,Kailey,Merveille
Kary Surmeyers,Kary,Surmeyers
Georgy McQuillin,Georgy,McQuillin
Marita Jarvie,Marita,Jarvie
Karalee Jewks,Karalee,Jewks
Mechelle Gaskal,Mechelle,Gaskal
Webster Mityushkin,Webster,Mityushkin
Myrta Thuillier,Myrta,Thuillier
Minny Hutchins,Minny,Hutchins
Vittorio Brellin,Vittorio,Brellin
Sue Legh,Sue,Legh
Elsworth Doers,Elsworth,Doers
Joni Rickardes,Joni,Rickardes
De Giacovelli,De,Giacovelli
Carny Greason,Carny,Greason
Mattias Ornillos,Mattias,Ornillos
Merry Dunthorn,Merry,Dunthorn
Carey Royl,Carey,Royl
Glen Chester,Glen,Chester
Fidelia Lambersen,Fidelia,Lambersen
Sheri Mebius,Sheri,Mebius
Alexa Burburough,Alexa,Burburough
Maudie Emsley,Maudie,Emsley
Locke Peebles,Locke,Peebles
Colan Togwell,Colan,Togwell
Garry Whild,Garry,Whild
Towney Di Carlo,Towney,Di Carlo
Umeko MacNeilage,Umeko,MacNeilage
Leena Bachura,Leena,Bachura
Anabal Bish,Anabal,Bish
Elie Wilby,Elie,Wilby
Alley Pleven,Alley,Pleven
Sigfried Cozby,Sigfried,Cozby
Lilah Davers,Lilah,Davers
Rora Otley,Rora,Otley
Elwyn Strickland,Elwyn,Strickland
Sammy Bredes,Sammy,Bredes
Thane Guare,Thane,Guare
Kerstin MacKereth,Kerstin,MacKereth
Faber Harbour,Faber,Harbour
Vivi Soggee,Vivi,Soggee
Fairfax Slorance,Fairfax,Slorance
Kevin Reisenberg,Kevin,Reisenberg
Ninette Bater,Ninette,Bater
Doreen Meller,Doreen,Meller
Anthe Samwell,Anthe,Samwell
Fernanda Whilde,Fernanda,Whilde
Gaile Eliasen,Gaile,Eliasen
Constancy Pauleit,Constancy,Pauleit
Dunn Mortel,Dunn,Mortel
Harlan Gildersleaves,Harlan,Gildersleaves
Miner Mailey,Miner,Mailey
Hanan Latch,Hanan,Latch
Chico Gormley,Chico,Gormley
Alysa Sykora,Alysa,Sykora
Rana Gobat,Rana,Gobat
Shelba Klosges,Shelba,Klosges
Honor Kennaird,Honor,Kennaird
Portie Shemming,Portie,Shemming
Barby Setterfield,Barby,Setterfield
Raffarty Welton,Raffarty,Welton
Ursola Sharkey,Ursola,Sharkey
Stephanie Medlin,Stephanie,Medlin
Duky Paolozzi,Duky,Paolozzi
Lenka Scimonelli,Lenka,Scimonelli
Lazar Cloake,Lazar,Cloake
Joannes Barrat,Joannes,Barrat
Jannel Cormack,Jannel,Cormack
Clarice Graysmark,Clarice,Graysmark
Olive Vanichev,Olive,Vanichev
Tobi McSporon,Tobi,McSporon
Yanaton Vasentsov,Yanaton,Vasentsov
Laina Castangia,Laina,Castangia
Corry Matic,Corry,Matic
Ellerey Ovize,Ellerey,Ovize
Gran Geely,Gran,Geely
Gibby Whordley,Gibby,Whordley
Astrid Hylton,Astrid,Hylton
Conan Eallis,Conan,Eallis
Ethel Selley,Ethel,Selley
Danila Dallin,Danila,Dallin
Brana LAbbet,Brana,LAbbet
Andy Haughan,Andy,Haughan
Rutter Handling,Rutter,Handling
Sherline Sines,Sherline,Sines
Ab Craigs,,Craigs
Mommy Petrina,Mommy,Petrina
Janis Husband,Janis,Husband
Tracee Tynnan,Tracee,Tynnan
Pryce Josse,Pryce,Josse
Lura Phizaclea,Lura,Phizaclea
Teddi Gregr,Teddi,Gregr
Garrek Peacop,Garrek,Peacop
Daren Navarro,Daren,Navarro
Willdon Jearum,Willdon,Jearum
Marven Smeal,Marven,Smeal
Benoit Tembridge,Benoit,Tembridge
Scotti Chatan,Scotti,Chatan
Rosella Conibeer,Rosella,Conibeer
Gill Cole,Gill,Cole
Linnell Scarborough,Linnell,Scarborough
Trudie Basso,Trudie,Basso
Alisun Cronk,Alisun,Cronk
Rice Dancer,Rice,Dancer
Ardine Jee,Ardine,Jee
Olin Knightley,Olin,Knightley
Queenie Byatt,Queenie,Byatt
Sophronia MacMenamin,Sophronia,MacMenamin
Tania Voce,Tania,Voce
Phineas Laurencot,Phineas,Laurencot
Stanton Langlands,Stanton,Langlands
Sheila Loveguard,Sheila,Loveguard
Frannie Uphill,Frannie,Uphill
Cosette Whetnall,Cosette,Whetnall
Garwin Ridding,Garwin,Ridding
Elise Karadzas,Elise,Karadzas
Winona Surplice,Winona,Surplice
Joanna Scampion,Joanna,Scampion
Sidney L'oiseau,Sidney,L'oiseau
Harv Botham,Harv,Botham
Valeria Wesgate,Valeria,Wesgate
Rabbi Sieghard,,Sieghard
Rivi Durrad,Rivi,Durrad
Tove Rack,Tove,Rack
Gerald Macenzy,Gerald,Macenzy
Tucker Usmar,Tucker,Usmar
Dane Wright,Dane,Wright
Anet Maleham,Anet,Maleham
Midge Megahey,Midge,Megahey
Borden Constantine,Borden,Constantine
Nyssa Road,Nyssa,Road
Karalynn Sterry,Karalynn,Sterry
Selestina Sagerson,Selestina,Sagerson
Jasmina Oertzen,Jasmina,Oertzen
Clarie Hafner,Clarie,Hafner
Alfonso Tander,Alfonso,Tander
Ailsun Skelhorne,Ailsun,Skelhorne
Cordi Shickle,Cordi,Shickle
Powell Bellow,Powell,Bellow
Aymer Birdwhistell,Aymer,Birdwhistell
Laurice Cadreman,Laurice,Cadreman
Ode Egle of Germany,Ode,Egle of Germany
Nettle Benka,Nettle,Benka
Pattin Goulston,Pattin,Goulston
Kitti Keeney,Kitti,Keeney
Carmelina Geroldo,Carmelina,Geroldo
Joellyn Bushnell,Joellyn,Bushnell
Layla Shuttleworth,Layla,Shuttleworth
Jared Hynam,Jared,Hynam
Alex Vaggs,Alex,Vaggs
Bonnibelle Lies,Bonnibelle,Lies
Robinet Sisnett,Robinet,Sisnett
Tonnie Milington,Tonnie,Milington
Yurik Vigers,Yurik,Vigers
Rhetta Hissett,Rhetta,Hissett
Meggi Baudy,Meggi,Baudy
Nolana Shuttlewood,Nolana,Shuttlewood
Lidia Jocelyn,Lidia,Jocelyn
Guglielmo Carlone,Guglielmo,Carlone
Jewell Nyles,Jewell,Nyles
Blinni Jeakins,Blinni,Jeakins
Ina Alesbrook,Ina,Alesbrook
Nicolina Sinden,Nicolina,Sinden
Brien Lovat,Brien,Lovat
Sukey De Mattei,Sukey,De Mattei
Deirdre Kleinstern,Deirdre,Kleinstern
Berkly Behninck,Berkly,Behninck
Mellicent Legg,Mellicent,Legg
Denney Cawsey,Denney,Cawsey
Jyoti Penny,Jyoti,Penny
Brietta Pusill,Brietta,Pusill
Constancy Accomb,Constancy,Accomb
Raven Thrasher,Raven,Thrasher
Kitti Ormerod,Kitti,Ormerod
Artemis BURWIN,Artemis,BURWIN
Randi Milton,Randi,Milton
Allys Reay,Allys,Reay
Staci Phibb,Staci,Phibb
Tybie Garnsworthy,Tybie,Garnsworthy
Ferrel Carah,Ferrel,Carah
Kylynn Grossier,Kylynn,Grossier
Avram Hansana,Avram,Hansana
Bearnard Bunney,Bearnard,Bunney
Harriott Seldon,Harriott,Seldon
Dorothy Smithin,Dorothy,Smithin
Sherwynd Cosh,Sherwynd,Cosh
Saba Eglese,Saba,Eglese
Ameline Chantillon,Ameline,Chantillon
Aura Falvey,Aura,Falvey
Bev Blackborne,Bev,Blackborne
Enid Folling,Enid,Folling
Carver Benoiton,Carver,Benoiton
Kelcie Gallelli,Kelcie,Gallelli
Kathye Pounder,Kathye,Pounder
Jorie Cockaday,Jorie,Cockaday
Randal James,Randal,James
Orlan Dinsell,Orlan,Dinsell
Holden Hawkeswood,Holden,Hawkeswood
Baxy Tunna,Baxy,Tunna
Kariotta Vickerstaff,Kariotta,Vickerstaff
Ellwood Sparke,Ellwood,Sparke
Michel Greves,Michel,Greves
Lexi Normanvill,Lexi,Normanvill
Candy Vinsen,Candy,Vinsen
Kevan Simanek,Kevan,Simanek
Karrah Ferrucci,Karrah,Ferrucci
Jackquelin Gleeton,Jackquelin,Gleeton
Max Glanister,Max,Glanister
Brooke Cleaton,Brooke,Cleaton
Waldon Estick,Waldon,Estick
Perl Spittall,Perl,Spittall
Alasteir Mertin,Alasteir,Mertin
Sheelah O'Crigan,Sheelah,O'Crigan
Sauncho McMurthy,Sauncho,McMurthy
Christina Varnam,Christina,Varnam
Bendix Smittoune,Bendix,Smittoune
Aksel McUre,Aksel,McUre
Cilka Kliemke,Cilka,Kliemke
Lynna McMackin,Lynna,McMackin
Caz Van Halle,Caz,Van Halle
Anderea Blodgett,Anderea,Blodgett
Sofie Coldridge,Sofie,Coldridge
Gusella Blais,Gusella,Blais
Oliy Stother,Oliy,Stother
Babbette Chilles,Babbette,Chilles
Consuela Millin,Consuela,Millin
Scotti Mardle,Scotti,Mardle
Dusty Reddle,Dusty,Reddle
Sheffy Wookey,Sheffy,Wookey
Rozina Demead,Rozina,Demead
Cobb Dyble,Cobb,Dyble
Hugh Ruffli,Hugh,Ruffli
Jillie Foskett,Jillie,Foskett
Urson Dureden,Urson,Dureden
Diandra McQuie,Diandra,McQuie
Brandais Birts,Brandais,Birts
Kizzie Merle,Kizzie,Merle
April Montford,April,Montford
Adriano Ivain,Adriano,Ivain
Heriberto Galler,Heriberto,Galler
Conn Byrne,Conn,Byrne
Giorgi Pyner,Giorgi,Pyner
Sonny Glenister,Sonny,Glenister
Prue Rearden,Prue,Rearden
Paxton Fellgett,Paxton,Fellgett
Phineas Nanson,Phineas,Nanson
Ailene Benedicte,Ailene,Benedicte
Torre Arnault,Torre,Arnault
Lon Perritt,Lon,Perritt
Joya Filippozzi,Joya,Filippozzi
Merill Simion,Merill,Simion
Malvina Northage,Malvina,Northage
Lucine Izakof,Lucine,Izakof
Raf Callar,Raf,Callar
Wilburt Nise,Wilburt,Nise
Trula Crutchfield,Trula,Crutchfield
Sianna Swinburne,Sianna,Swinburne
Maurie Goodred,Maurie,Goodred
Bryce Crafter,Bryce,Crafter
Hermie Sorrel,Hermie,Sorrel
Johnathon Crankhorn,Johnathon,Crankhorn
Langsdon Minghi,Langsdon,Minghi
Sybila Boyack,Sybila,Boyack
Xever Grabiec,Xever,Grabiec
Sonni Vassay,Sonni,Vassay
Lucian Cromer,Lucian,Cromer
Denys Aleswell,Denys,Aleswell
Truda Austen,Truda,Austen
Creigh Towse,Creigh,Towse
Haroun Fieldsend,Haroun,Fieldsend
Amble Rate,Amble,Rate
Siobhan Nowlan,Siobhan,Nowlan
Hedwiga Mytton,Hedwiga,Mytton
Alfi Dummett,Alfi,Dummett
Evelin Oliveto,Evelin,Oliveto
Deane Bugg,Deane,Bugg
Hurley Owttrim,Hurley,Owttrim
Derek Kantor,Derek,Kantor
Kirsten Kenrack,Kirsten,Kenrack
Anni Guilfoyle,Anni,Guilfoyle
Sonnnie Cruess,Sonnnie,Cruess
Polly Slixby,Polly,Slixby
Vivienne Camamill,Vivienne,Camamill
Nathalia Timmes,Nathalia,Timmes
Tremain Abotson,Tremain,Abotson
Gisella Draisey,Gisella,Draisey
Anestassia Houltham,Anestassia,Houltham
Gusti Tarrant,Gusti,Tarrant
Kaylil Benasik,Kaylil,Benasik
Liva Brobyn,Liva,Brobyn
Allina Obal,Allina,Obal
Debor Hedin,Debor,Hedin
Jeniece Bradder,Jeniece,Bradder
Jeremy Gligori,Jeremy,Gligori
Rafaello Planke,Rafaello,Planke
Victor Graine,Victor,Graine
Rory Knapp,Rory,Knapp
Jordain McNamara,Jordain,McNamara
Shelagh Dagger,Shelagh,Dagger
Floria Rasp,Floria,Rasp
Darrelle Seligson,Darrelle,Seligson
Joanne Drysdell,Joanne,Drysdell
Anallise Rizzini,Anallise,Rizzini
Thacher Volet,Thacher,Volet
Lynett Zorn,Lynett,Zorn
Terrel Gabriely,Terrel,Gabriely
Brigida Record,Brigida,Record
Artemas Kittoe,Artemas,Kittoe
Alain Brandom,Alain,Brandom
Aime Handling,Aime,Handling
Rita O'Glassane,Rita,O'Glassane
Desiree Mannin,Desiree,Mannin
Leanora Oke,Leanora,Oke
Vanya Bignold,Vanya,Bignold
Winnah Barby,Winnah,Barby
Dorisa Sonier,Dorisa,Sonier
Bartolemo Moncreiffe,Bartolemo,Moncreiffe
Ellary Hully,Ellary,Hully
Wendeline Fewell,Wendeline,Fewell
Barney Lyttle,Barney,Lyttle
Diannne Vasilischev,Diannne,Vasilischev
Michal Bratt,Michal,Bratt
Fiann Humes,Fiann,Humes
Stevie Berrington,Stevie,Berrington
Neila Oldacres,Neila,Oldacres
Win Beddows,Win,Beddows
Adina Wogden,Adina,Wogden
Ethelda Copelli,Ethelda,Copelli
Lucio Dominicacci,Lucio,Dominicacci
Jayson Vennings,Jayson,Vennings
Wallis Walker,Wallis,Walker
Honey Trelevan,Honey,Trelevan
Abbie Winterflood,Abbie,Winterflood
Roxine Brewitt,Roxine,Brewitt
Josefina Trangmar,Josefina,Trangmar
Mara Copestake,Mara,Copestake
Louisa Blythe,Louisa,Blythe
Richart Wolfarth,Richart,Wolfarth
Ker Stiell,Ker,Stiell
Walker Normaville,Walker,Normaville
Panchito Hamsher,Panchito,Hamsher
Costa Streader,Costa,Streader
Cassondra Barke,Cassondra,Barke
Randi Teggin,Randi,Teggin
Charmain Niccols,Charmain,Niccols
Tasha Grayshan,Tasha,Grayshan
Rosalinde Jentle,Rosalinde,Jentle
Gabe Danelet,Gabe,Danelet
Gayel Sherrum,Gayel,Sherrum
Amie Reddick,Amie,Reddick
Ardeen Euels,Ardeen,Euels
Waneta Blanpein,Waneta,Blanpein
Robbert Esmond,Robbert,Esmond
Eyde Cayet,Eyde,Cayet
Dorey Suter,Dorey,Suter
Giralda McFetrich,Giralda,McFetrich
Zabrina Torbard,Zabrina,Torbard
Nichols Varey,Nichols,Varey
Darby Barreau,Darby,Barreau
Lucius Shakshaft,Lucius,Shakshaft
Caprice Banck,Caprice,Banck
Ardis Duerdin,Ardis,Duerdin
Osborne Conradsen,Osborne,Conradsen
Johnette Lethibridge,Johnette,Lethibridge
Sheilah Sprowle,Sheilah,Sprowle
Annmarie Seale,Annmarie,Seale
Ennis Ghiron,Ennis,Ghiron
Brent Cathery,Brent,Cathery
Atlante Yokel,Atlante,Yokel
Berti Szanto,Berti,Szanto
Alysia Gainfort,Alysia,Gainfort
Bernardo Tydd,Bernardo,Tydd
Mil Baxill,Mil,Baxill
Garrot Bourgeois,Garrot,Bourgeois
Suki Pavia,Suki,Pavia
Berkie Rodenhurst,Berkie,Rodenhurst
Raddie Skamal,Raddie,Skamal
Gwenny Baudain,Gwenny,Baudain
Zorana Sarath,Zorana,Sarath
Wileen Fogarty,Wileen,Fogarty
Ingar Ledgley,Ingar,Ledgley
Keely Caistor,Keely,Caistor
Pauletta Korpolak,Pauletta,Korpolak
Pat Goaks,Pat,Goaks
Reena Eakle,Reena,Eakle
Cameron Cicconettii,Cameron,Cicconettii
Markos Ciobotaru,Markos,Ciobotaru
Laurice Bryning,Laurice,Bryning
Clio Gouley,Clio,Gouley
Avram Skurray,Avram,Skurray
Kial Oldrey,Kial,Oldrey
Lawton Gannaway,Lawton,Gannaway
Minnie Haffenden,Minnie,Haffenden
Mickey Sinkins,Mickey,Sinkins
Coretta Abrahamovitz,Coretta,Abrahamovitz
Maddi Jagger,Maddi,Jagger
Elizabeth Pattinson,Elizabeth,Pattinson
Shermie Chaney,Shermie,Chaney
Cinda Gallamore,Cinda,Gallamore
Maggy Botright,Maggy,Botright
Alf Curling,Alf,Curling
Benedetta Aiken,Benedetta,Aiken
Feliza Rosendahl,Feliza,Rosendahl
Faunie Mounter,Faunie,Mounter
Trixy Tinman,Trixy,Tinman
Kriste Haynes,Kriste,Haynes
Othilie Willoway,Othilie,Willoway
Ester Lechelle,Ester,Lechelle
Salome Sallter,Salome,Sallter
Che McGinlay,Che,McGinlay
Biron Florentine,Biron,Florentine
Mufi Babb,Mufi,Babb
Penelope Castangia,Penelope,Castangia
Rowe Varga,Rowe,Varga
Chaim Surguine,Chaim,Surguine
Lindon Eckley,Lindon,Eckley
Aron Yurenev,Aron,Yurenev
Lark Ivanov,Lark,Ivanov
Emmanuel Glaves,Emmanuel,Glaves
Jacqui Goacher,Jacqui,Goacher
Maryjane Normavill,Maryjane,Normavill
Salim Cropp,Salim,Cropp
Rollins Linturn,Rollins,Linturn
Mahala Daventry,Mahala,Daventry
Hillel Risborough,Hillel,Risborough
Anabal Vondrasek,Anabal,Vondrasek
Patric Manhare,Patric,Manhare
Herman McLugish,Herman,McLugish
Taffy Cothey,Taffy,Cothey
Harmon Logan,Harmon,Logan
Godfree Staunton,Godfree,Staunton
Sigismondo Giannazzi,Sigismondo,Giannazzi
Edmon Harby,Edmon,Harby
Mellisa Giffard,Mellisa,Giffard
Doralynn Tarquini,Doralynn,Tarquini
Eadie Deluca,Eadie,Deluca
Tito Gommowe,Tito,Gommowe
Roley Corrin,Roley,Corrin
Brandy Btham,Brandy,Btham
Toddy Hirschmann,Toddy,Hirschmann
Staci Ingerman,Staci,Ingerman
Mariya Scrowson,Mariya,Scrowson
Ernesta Bailes,Ernesta,Bailes
Jasen Adao,Jasen,Adao
Katuscha Fawks,Katuscha,Fawks
Mora Cratchley,Mora,Cratchley
Patrick Padbury,Patrick,Padbury
Verne Watford,Verne,Watford
Caroljean McCartan,Caroljean,McCartan
Nigel Maffulli,Nigel,Maffulli
Omero Le Franc,Omero,Le Franc
Lucias Orr,Lucias,Orr
D'arcy Sheringham,D'arcy,Sheringham
Flossi Ord,Flossi,Ord
Sile Orknay,Sile,Orknay
Clint Lattimer,Clint,Lattimer
Maje Krink,Maje,Krink
Garwin Coats,Garwin,Coats
Lamond Loads,Lamond,Loads
Zelig Lemarie,Zelig,Lemarie
Misty Pollitt,Misty,Pollitt
Faber Dannatt,Faber,Dannatt
Leoline Davidovsky,Leoline,Davidovsky
Manya Rich,Manya,Rich
Rey Curthoys,Rey,Curthoys
Elnore Gilhouley,Elnore,Gilhouley
Monroe Matczak,Monroe,Matczak
Kathy Olekhov,Kathy,Olekhov
Helsa Mercey,Helsa,Mercey
Berne Shooter,Berne,Shooter
Marlowe Trase,Marlowe,Trase
Janek Bonome,Janek,Bonome
Alyda Verrick,Alyda,Verrick
Umberto Satterlee,Umberto,Satterlee
Nicko Johann,Nicko,Johann
Remington Reisen,Remington,Reisen
Rebecca Winkell,Rebecca,Winkell
Trixi Mammatt,Trixi,Mammatt
Donnajean Tandey,Donnajean,Tandey
Arie Durden,Arie,Durden
Loree Deguara,Loree,Deguara
Rudolf Brugger,Rudolf,Brugger
Lacee Hawlgarth,Lacee,Hawlgarth
Feodor Kane,Feodor,Kane
Giffard McKinney,Giffard,McKinney
Katinka Gregoire,Katinka,Gregoire
Gypsy Newnham,Gypsy,Newnham
Jacki Meaker,Jacki,Meaker
Liva Jezzard,Liva,Jezzard
Manon Cahey,Manon,Cahey
Madlin Sawl,Madlin,Sawl
Yolanthe Hammor,Yolanthe,Hammor
Vanni Roscamps,Vanni,Roscamps
Cecil Offill,Cecil,Offill
Olivette Sneezem,Olivette,Sneezem
Shel Bariball,Shel,Bariball
Emery Bearcroft,Emery,Bearcroft
Andres Pauwel,Andres,Pauwel
Tybie Cholton,Tybie,Cholton
Chloris Tregunna,Chloris,Tregunna
Jonathan Weir,Jonathan,Weir
Hernando Nockells,Hernando,Nockells
Duffy Dobbison,Duffy,Dobbison
Dwain Huton,Dwain,Huton
Lauren Keighley,Lauren,Keighley
Aila Goodbur,Aila,Goodbur
Haslett Efford,Haslett,Efford
Salvador Grebner,Salvador,Grebner
Selia Finessy,Selia,Finessy
Jo ann Northleigh,Jo,Northleigh
Annetta Saundercock,Annetta,Saundercock
Jania Ferns,Jania,Ferns
Fanni Delamaine,Fanni,Delamaine
Wilma Penrice,Wilma,Penrice
Terrill Stearns,Terrill,Stearns
Margie Sokell,Margie,Sokell
Mollee Prangley,Mollee,Prangley
Florence Roxbrough,Florence,Roxbrough
Opal Wescott,Opal,Wescott
Carline Brugh,Carline,Brugh
Maiga Favelle,Maiga,Favelle
Marta Aikman,Marta,Aikman
Palmer Woodworth,Palmer,Woodworth
Leisha Bowkley,Leisha,Bowkley
Clio Cottrell,Clio,Cottrell
Pen Guard,Pen,Guard
Siana Danser,Siana,Danser
Kellen Summerson,Kellen,Summerson
Ingelbert Davydychev,Ingelbert,Davydychev
Stephana Poel,Stephana,Poel
Eleonore Cozzi,Eleonore,Cozzi
Nanette Hubatsch,Nanette,Hubatsch
Valentino Death,Valentino,Death
Bax Proske,Bax,Proske
Ingrim Penkethman,Ingrim,Penkethman
Ansley Piotrkowski,Ansley,Piotrkowski
Gard Berceros,Gard,Berceros
Dominick Brownrigg,Dominick,Brownrigg
Adrian Woolforde,Adrian,Woolforde
Harp Pikett,Harp,Pikett
Johannah Sabie,Johannah,Sabie
Patricia Denslow,Patricia,Denslow
Harriot Coveny,Harriot,Coveny
Darill Schachter,Darill,Schachter
Alon Bertolaccini,Alon,Bertolaccini
Gawain Fendt,Gawain,Fendt
Ignaz Gorling,Ignaz,Gorling
Oralla Ordemann,Oralla,Ordemann
Ronnica Metterick,Ronnica,Metterick
Janeva Gaspard,Janeva,Gaspard
Atlanta Cholmondeley,Atlanta,Cholmondeley
Ariana Oscroft,Ariana,Oscroft
Owen Devoy,Owen,Devoy
Filia Bussell,Filia,Bussell
Aloisia Ambrosch,Aloisia,Ambrosch
Shandra Hanster,Shandra,Hanster
Lockwood McArt,Lockwood,McArt
Lorette Antonomolii,Lorette,Antonomolii
Renie Poli,Renie,Poli
Clerissa Keilloh,Clerissa,Keilloh
Ade Brasseur,Ade,Brasseur
Dill Quan,Dill,Quan
Myriam Guiet,Myriam,Guiet
Tiff Lehrian,Tiff,Lehrian
Pace Harston,Pace,Harston
Dot Boles,Dot,Boles
Otis Weerdenburg,Otis,Weerdenburg
Hermia Musicka,Hermia,Musicka
Romeo Meltetal,Romeo,Meltetal
Amelina Cocker,Amelina,Cocker
Doll Borkett,Doll,Borkett
Manny Rouke,Manny,Rouke
Ansley Romeuf,Ansley,Romeuf
Seline Mariet,Seline,Mariet
Hayes Albarez,Hayes,Albarez
Boony Faucherand,Boony,Faucherand
Megan Quesne,Megan,Quesne
Christos Korb,Christos,Korb
Evelin Kellart,Evelin,Kellart
Ky Jackways,Ky,Jackways
Merv Rodd,Merv,Rodd
Tyler Plumridege,Tyler,Plumridege
Tandie Crosser,Tandie,Crosser
Urbanus Heeley,Urbanus,Heeley
Jandy Kennaway,Jandy,Kennaway
Annabelle Linsey,Annabelle,Linsey
Edsel Gildersleaves,Edsel,Gildersleaves
Etti Simek,Etti,Simek
Adina Sweeney,Adina,Sweeney
Ximenez Buttner,Ximenez,Buttner
Lily Hofler,Lily,Hofler
Tomi Pauncefoot,Tomi,Pauncefoot
Wilt Juett,Wilt,Juett
Everett Snodin,Everett,Snodin
Alfi Conibeer,Alfi,Conibeer
Boony Humpage,Boony,Humpage
Barbaraanne Curthoys,Barbaraanne,Curthoys
Arch Brymham,Arch,Brymham
Jeremiah Zarb,Jeremiah,Zarb
Tommi Aspell,Tommi,Aspell
Celisse Jeary,Celisse,Jeary
Christen Filpo,Christen,Filpo
Francoise McLaggan,Francoise,McLaggan
Burt Zettler,Burt,Zettler
Alva Gowdie,Alva,Gowdie
Corey Charsley,Corey,Charsley
Vlad Cockin,Vlad,Cockin
Philippa Finnes,Philippa,Finnes
Orland Finey,Orland,Finey
Almire Ormes,Almire,Ormes
Bobbe Ponceford,Bobbe,Ponceford
Barde McRory,Barde,McRory
Gonzales Lumbers,Gonzales,Lumbers
Kora Ceschi,Kora,Ceschi
Erinn Grzegorczyk,Erinn,Grzegorczyk
Valaria O'Bruen,Valaria,O'Bruen
Wanda Flather,Wanda,Flather
Grady Lasty,Grady,Lasty
Melisande Blackbrough,Melisande,Blackbrough
Xaviera Backshill,Xaviera,Backshill
Craggy Salthouse,Craggy,Salthouse
Inger Northage,Inger,Northage
Cherrita Drayton,Cherrita,Drayton
Jolynn Dyton,Jolynn,Dyton
Blinni Fancutt,Blinni,Fancutt
Susette Hirsch,Susette,Hirsch
Marline Tytterton,Marline,Tytterton
Zara Braden,Zara,Braden
Wally Hasely,Wally,Hasely
Alano Itzkovsky,Alano,Itzkovsky
Reba Edgeson,Reba,Edgeson
Saree Lascelles,Saree,Lascelles
Mikol Chiswell,Mikol,Chiswell
Zandra Bowkett,Zandra,Bowkett
Katrinka Oseland,Katrinka,Oseland
Chris Airy,Chris,Airy
Evvy McKnish,Evvy,McKnish
Dunstan Pybworth,Dunstan,Pybworth
Norma Van der Beek,Norma,Van der Beek
Alexandros Chadburn,Alexandros,Chadburn
Lemuel Cleaves,Lemuel,Cleaves
Candide Janson,Candide,Janson
Jarred Coolahan,Jarred,Coolahan
Ebba Harriskine,Ebba,Harriskine
Agace Greatbank,Agace,Greatbank
Christie Dickinson,Christie,Dickinson
Nevins Keelin,Nevins,Keelin
Tiffie Skeene,Tiffie,Skeene
Leena Domenici,Leena,Domenici
Perry Nel,Perry,Nel
Yettie Savatier,Yettie,Savatier
Franklyn Goldfinch,Franklyn,Goldfinch
Gannie Peter,Gannie,Peter
Elnore Elsmor,Elnore,Elsmor
Brittan Caswall,Brittan,Caswall
Dinnie Doiley,Dinnie,Doiley
Ianthe Padson,Ianthe,Padson
Ari Hawthorn,Ari,Hawthorn
Darrelle Mills,Darrelle,Mills
Sophia Gormley,Sophia,Gormley
Vallie Batho,Vallie,Batho
Kordula Iashvili,Kordula,Iashvili
Virgie Merle,Virgie,Merle
Friedrich Harvett,Friedrich,Harvett
Freida Alwood,Freida,Alwood
Rancell Lingard,Rancell,Lingard
Lyndell Fuchs,Lyndell,Fuchs
Webb Simonsson,Webb,Simonsson
Lorne Litton,Lorne,Litton
Stavro Isenor,Stavro,Isenor
Rory Spearett,Rory,Spearett
Lusa Riggert,Lusa,Riggert
Carmine Coxon,Carmine,Coxon
Dolph Joney,Dolph,Joney
Jolie Dugall,Jolie,Dugall
Chelsy Couser,Chelsy,Couser
Tiff Hinkensen,Tiff,Hinkensen
Annis Hush,Annis,Hush
Averil Crust,Averil,Crust
Sayre Manhare,Sayre,Manhare
Monique Eastcourt,Monique,Eastcourt
Celie Petrelli,Celie,Petrelli
Chester Cradoc,Chester,Cradoc
Virgil MacGiolla Pheadair,Virgil,Pheadair
Kip Curnow,Kip,Curnow
Karney Shorter,Karney,Shorter
Hamnet Dronsfield,Hamnet,Dronsfield
Dedra Berrick,Dedra,Berrick
Fonzie Shervil,Fonzie,Shervil
Carmelita Lembrick,Carmelita,Lembrick
Laryssa Sivill,Laryssa,Sivill
Miranda Derington,Miranda,Derington
Laverna Turland,Laverna,Turland
Davide Lavington,Davide,Lavington
Lisette Parlour,Lisette,Parlour
Aprilette Klimshuk,Aprilette,Klimshuk
Conant Mather,Conant,Mather
Sheryl Earwaker,Sheryl,Earwaker
Olenka Gonsalvo,Olenka,Gonsalvo
Greggory Halso,Greggory,Halso
Callie Brickner,Callie,Brickner
Trent Suffield,Trent,Suffield
Lock Hatry,Lock,Hatry
Hamlen Robbert,Hamlen,Robbert
Helena Traylen,Helena,Traylen
Livvyy Trewinnard,Livvyy,Trewinnard
Klemens Audley,Klemens,Audley
Emmye Barck,Emmye,Barck
Antony Tournay,Antony,Tournay
Paquito Alfonsini,Paquito,Alfonsini
Kellia Stroobant,Kellia,Stroobant
Diahann Antonognoli,Diahann,Antonognoli
Goldie Lalor,Goldie,Lalor
Gail Yoodall,Gail,Yoodall
Drake Chamberlen,Drake,Chamberlen
Kaleena Coumbe,Kaleena,Coumbe
Wallas Rodie,Wallas,Rodie
Addy Jewes,Addy,Jewes
Tarra Steart,Tarra,Steart
Stevana Spilling,Stevana,Spilling
Papagena Stanworth,Papagena,Stanworth
Jo-ann Coronas,Jo-ann,Coronas
Norry McFayden,Norry,McFayden
King Godfree,Godfree,
Aubrey Mugridge,Aubrey,Mugridge
Raul Bogeys,Raul,Bogeys
Darrel Mantle,Darrel,Mantle
Jareb Lifton,Jareb,Lifton
Husain Yelding,Husain,Yelding
Bertie Kemsley,Bertie,Kemsley
Amil Pollett,Amil,Pollett
Peg Leon,Peg,Leon
Austin Orvis,Austin,Orvis
Eachelle Roof,Eachelle,Roof
Corbet Van Halen,Corbet,Van Halen
Andrea Evett,Andrea,Evett
Joceline Darwent,Joceline,Darwent
Amelita Kenner,Amelita,Kenner
Estrellita Carass,Estrellita,Carass
Talbert Donativo,Talbert,Donativo
Tate Finlaison,Tate,Finlaison
Zsa zsa Ralls,Zsa,Ralls
Nike Maltster,Nike,Maltster
Olly Morfey,Olly,Morfey
Oates Bleddon,Oates,Bleddon
Jard Fetter,Jard,Fetter
Emmye Hyndes,Emmye,Hyndes
Glyn Raunds,Glyn,Raunds
Ray Cogswell,Ray,Cogswell
Stanislaw Marskell,Stanislaw,Marskell
Miquela Outridge,Miquela,Outridge
Garner Manuaud,Garner,Manuaud
Anna-maria Parell,Anna-maria,Parell
Errick Stribling,Errick,Stribling
Tristam Kernan,Tristam,Kernan
Monte Mattei,Monte,Mattei
Eziechiele Dabnor,Eziechiele,Dabnor
Babb Biasotti,Babb,Biasotti
Aurora Sander,Aurora,Sander
Emlyn Lyon,Emlyn,Lyon
Birgit Mercik,Birgit,Mercik
Grant Berrey,Grant,Berrey
Beniamino Foskett,Beniamino,Foskett
Fanechka Thamelt,Fanechka,Thamelt
Feodor Rignoldes,Feodor,Rignoldes
Zitella Beauvais,Zitella,Beauvais
Manny Broomer,Manny,Broomer
Orelee Golt,Orelee,Golt
Bernie Ekless,Bernie,Ekless
Jeth Ruselin,Jeth,Ruselin
Doro Bonnier,Doro,Bonnier
Chandler Kermath,Chandler,Kermath
Constantine Jocelyn,Constantine,Jocelyn
Lonny Thome,Lonny,Thome
Edita Worts,Edita,Worts
Amandie Glidden,Amandie,Glidden
Kelci Paullin,Kelci,Paullin
Baxy McAulay,Baxy,McAulay
Gunter Letrange,Gunter,Letrange
Berry Loding,Berry,Loding
Hastings Berard,Hastings,Berard
Cristi Shute,Cristi,Shute
Elisabetta Illem,Elisabetta,Illem
Cynthea Elnough,Cynthea,Elnough
Annabell Simond,Annabell,Simond
Loydie Franzonello,Loydie,Franzonello
Oates Iliffe,Oates,Iliffe
Dukey Pandie,Dukey,Pandie
Megen Taft,Megen,Taft
Evelina Tregunnah,Evelina,Tregunnah
Eustacia MacCaghan,Eustacia,MacCaghan
Clarita Ibbs,Clarita,Ibbs
Donall Penlington,Donall,Penlington
Auguste Tomenson,Auguste,Tomenson
Carmon Beentjes,Carmon,Beentjes
Hubert Megarrell,Hubert,Megarrell
Aeriell Bonny,Aeriell,Bonny
Kirstyn Barritt,Kirstyn,Barritt
Tremain Gianasi,Tremain,Gianasi
Lilias Porteous,Lilias,Porteous
Sheffield Twigge,Sheffield,Twigge
Kliment Johnsson,Kliment,Johnsson
Kara-lynn D'Ambrosio,Kara-lynn,D'Ambrosio
Ralph Swafford,Ralph,Swafford
Archer De Stoop,Archer,De Stoop
Truda Geerling,Truda,Geerling
Flint Weston,Flint,Weston
Korry Culvey,Korry,Culvey
Kirsti Leachman,Kirsti,Leachman
Waldemar Parish,Waldemar,Parish
Markos Beasant,Markos,Beasant
Pace Chesser,Pace,Chesser
Carlos Ronnay,Carlos,Ronnay
Branden Zorener,Branden,Zorener
Madelon Drayn,Madelon,Drayn
Boy Robilart,Boy,Robilart
Cristian Acomb,Cristian,Acomb
Augusto Gotthard.sf,Augusto,Gotthard.sf
Polly Priditt,Polly,Priditt
Pacorro Ivanenko,Pacorro,Ivanenko
Cherie Labbez,Cherie,Labbez
Catharine Primmer,Catharine,Primmer
Kai Tinsley,Kai,Tinsley
Sarah Wrathmall,Sarah,Wrathmall
Anderson Ahrend,Anderson,Ahrend
Tod Giovanardi,Tod,Giovanardi
Donaugh Bazylets,Donaugh,Bazylets
Neddy Verni,Neddy,Verni
Xylia Najara,Xylia,Najara
Bil Buckam,Bil,Buckam
Sauncho Sarjent,Sauncho,Sarjent
Felicdad McWaters,Felicdad,McWaters
Hollie Curedale,Hollie,Curedale
Tommy Martinetto,Tommy,Martinetto
Gottfried Mallya,Gottfried,Mallya
Bridgette Featherby,Bridgette,Featherby
Ealasaid Jarred,Ealasaid,Jarred
Amaleta Goodban,Amaleta,Goodban
Petunia Sodeau,Petunia,Sodeau
Darrick Savine,Darrick,Savine
Rosalinda Rubra,Rosalinda,Rubra
Eolanda Raveau,Eolanda,Raveau
Alexandros Drakers,Alexandros,Drakers
Bill Killford,Bill,Killford
Fons Vasiltsov,Fons,Vasiltsov
Dionisio Minshaw,Dionisio,Minshaw
Franni Tooby,Franni,Tooby
Faina Meriguet,Faina,Meriguet
Whitney Villaret,Whitney,Villaret
Tonnie Frensch,Tonnie,Frensch
Berty Clausen-Thue,Berty,Clausen-Thue
Aimil Scrowston,Aimil,Scrowston
Marysa Klein,Marysa,Klein
Riley Babbidge,Riley,Babbidge
Zorah Cotterill,Zorah,Cotterill
Maddi Antognoni,Maddi,Antognoni
Eduard Petren,Eduard,Petren
Luigi Wisniewski,Luigi,Wisniewski
Gusta Sinkin,Gusta,Sinkin
Isaiah Janus,Isaiah,Janus
Padraig Spilling,Padraig,Spilling
Wilhelmina Summersett,Wilhelmina,Summersett
Rebeka Gilardoni,Rebeka,Gilardoni
Virginia Sangwin,Virginia,Sangwin
Teirtza McElwee,Teirtza,McElwee
Orly Tansly,Orly,Tansly
Oralie Petchell,Oralie,Petchell
Cynthea Bullivent,Cynthea,Bullivent
Julietta Thouless,Julietta,Thouless
Nial Daine,Nial,Daine
Kirby Rayburn,Kirby,Rayburn
Kathi Andrassy,Kathi,Andrassy
Padget Kliche,Padget,Kliche
Willey Gogan,Willey,Gogan
Jeramie Klimkovich,Jeramie,Klimkovich
Nikola Hembrow,Nikola,Hembrow
Merrill Dutteridge,Merrill,Dutteridge
Ezra Guinan,Ezra,Guinan
Bren Dwire,Bren,Dwire
Barnabas Merrydew,Barnabas,Merrydew
Karlyn Crinkley,Karlyn,Crinkley
Wolfie Gabites,Wolfie,Gabites
Brice Gowman,Brice,Gowman
Aimil Wrigley,Aimil,Wrigley
Georgie Costell,Georgie,Costell
Winfield Labin,Winfield,Labin
Gabbie Wardingly,Gabbie,Wardingly
Phil Trimmill,Phil,Trimmill
Nanine Dwyer,Nanine,Dwyer
Jeannette Laverty,Jeannette,Laverty
Husein Haydn,Husein,Haydn
Dag Abraham,Dag,Abraham
Luciana Readwing,Luciana,Readwing
Shoshana Upson,Shoshana,Upson
Boote Stile,Boote,Stile
Hildagard Kleinmintz,Hildagard,Kleinmintz
Rodolph Smedley,Rodolph,Smedley
Fulvia Bonnaire,Fulvia,Bonnaire
Ollie Gleder,Ollie,Gleder
Sandie Neno,Sandie,Neno
Haley Stachini,Haley,Stachini
Laural Newcomen,Laural,Newcomen
Brina McGeady,Brina,McGeady
Patten Slark,Patten,Slark
Clarie Holliar,Clarie,Holliar
Annalise Matys,Annalise,Matys
Amie Hurlestone,Amie,Hurlestone
Ketti Tender,Ketti,Tender
Gaylene MacGovern,Gaylene,MacGovern
Denise Kidgell,Denise,Kidgell
Alphard Escreet,Alphard,Escreet
Franz Rayer,Franz,Rayer
Yale Heddon,Yale,Heddon
